DATE,EM%
2000-01-01,64.6
2000-02-01,64.6
2000-03-01,64.6
2000-04-01,64.7
2000-05-01,64.4
2000-06-01,64.5
2000-07-01,64.2
2000-08-01,64.2
2000-09-01,64.2
2000-10-01,64.2
2000-11-01,64.3
2000-12-01,64.4
2001-01-01,64.4
2001-02-01,64.3
2001-03-01,64.3
2001-04-01,64.0
2001-05-01,63.8
2001-06-01,63.7
2001-07-01,63.7
2001-08-01,63.2
2001-09-01,63.5
2001-10-01,63.2
2001-11-01,63.0
2001-12-01,62.9
2002-01-01,62.7
2002-02-01,63.0
2002-03-01,62.8
2002-04-01,62.7
2002-05-01,62.9
2002-06-01,62.7
2002-07-01,62.7
2002-08-01,62.7
2002-09-01,63.0
2002-10-01,62.7
2002-11-01,62.5
2002-12-01,62.4
2003-01-01,62.5
2003-02-01,62.5
2003-03-01,62.4
2003-04-01,62.4
2003-05-01,62.3
2003-06-01,62.3
2003-07-01,62.1
2003-08-01,62.1
2003-09-01,62.0
2003-10-01,62.1
2003-11-01,62.3
2003-12-01,62.2
2004-01-01,62.3
2004-02-01,62.3
2004-03-01,62.2
2004-04-01,62.3
2004-05-01,62.3
2004-06-01,62.4
2004-07-01,62.5
2004-08-01,62.4
2004-09-01,62.3
2004-10-01,62.3
2004-11-01,62.5
2004-12-01,62.4
2005-01-01,62.4
2005-02-01,62.4
2005-03-01,62.4
2005-04-01,62.7
2005-05-01,62.8
2005-06-01,62.7
2005-07-01,62.8
2005-08-01,62.9
2005-09-01,62.8
2005-10-01,62.8
2005-11-01,62.7
2005-12-01,62.8
2006-01-01,62.9
2006-02-01,63.0
2006-03-01,63.1
2006-04-01,63.0
2006-05-01,63.1
2006-06-01,63.1
2006-07-01,63.0
2006-08-01,63.1
2006-09-01,63.1
2006-10-01,63.3
2006-11-01,63.3
2006-12-01,63.4
2007-01-01,63.3
2007-02-01,63.3
2007-03-01,63.3
2007-04-01,63.0
2007-05-01,63.0
2007-06-01,63.0
2007-07-01,62.9
2007-08-01,62.7
2007-09-01,62.9
2007-10-01,62.7
2007-11-01,62.9
2007-12-01,62.7
2008-01-01,62.9
2008-02-01,62.8
2008-03-01,62.7
2008-04-01,62.7
2008-05-01,62.5
2008-06-01,62.4
2008-07-01,62.2
2008-08-01,62.0
2008-09-01,61.9
2008-10-01,61.7
2008-11-01,61.4
2008-12-01,61.0
2009-01-01,60.6
2009-02-01,60.3
2009-03-01,59.9
2009-04-01,59.8
2009-05-01,59.6
2009-06-01,59.4
2009-07-01,59.3
2009-08-01,59.1
2009-09-01,58.7
2009-10-01,58.5
2009-11-01,58.6
2009-12-01,58.3
2010-01-01,58.5
2010-02-01,58.5
2010-03-01,58.5
2010-04-01,58.7
2010-05-01,58.6
2010-06-01,58.5
2010-07-01,58.5
2010-08-01,58.6
2010-09-01,58.5
2010-10-01,58.3
2010-11-01,58.2
2010-12-01,58.3
2011-01-01,58.3
2011-02-01,58.4
2011-03-01,58.4
2011-04-01,58.4
2011-05-01,58.3
2011-06-01,58.2
2011-07-01,58.2
2011-08-01,58.3
2011-09-01,58.4
2011-10-01,58.4
2011-11-01,58.6
2011-12-01,58.6
2012-01-01,58.4
2012-02-01,58.5
2012-03-01,58.5
2012-04-01,58.4
2012-05-01,58.5
2012-06-01,58.6
2012-07-01,58.5
2012-08-01,58.4
2012-09-01,58.7
2012-10-01,58.8
2012-11-01,58.7
2012-12-01,58.7
2013-01-01,58.6
2013-02-01,58.6
2013-03-01,58.5
2013-04-01,58.6
2013-05-01,58.6
2013-06-01,58.6
2013-07-01,58.7
2013-08-01,58.7
2013-09-01,58.7
2013-10-01,58.3
2013-11-01,58.6
2013-12-01,58.7
2014-01-01,58.8
2014-02-01,58.7
2014-03-01,58.9
2014-04-01,58.9
2014-05-01,58.9
2014-06-01,59.0
2014-07-01,59.0
2014-08-01,59.0
2014-09-01,59.1
2014-10-01,59.3
2014-11-01,59.2
2014-12-01,59.3
2015-01-01,59.3
2015-02-01,59.2
2015-03-01,59.2
2015-04-01,59.3
2015-05-01,59.4
2015-06-01,59.4
2015-07-01,59.3
2015-08-01,59.4
2015-09-01,59.2
2015-10-01,59.3
2015-11-01,59.4
2015-12-01,59.6
2016-01-01,59.7
2016-02-01,59.8
2016-03-01,59.8
2016-04-01,59.7
2016-05-01,59.7
2016-06-01,59.7
2016-07-01,59.8
2016-08-01,59.8
2016-09-01,59.7
2016-10-01,59.7
2016-11-01,59.7
2016-12-01,59.7
2017-01-01,59.9
2017-02-01,59.9
2017-03-01,60.2
2017-04-01,60.2
2017-05-01,60.1
2017-06-01,60.1
2017-07-01,60.2
2017-08-01,60.1
2017-09-01,60.4
2017-10-01,60.1
2017-11-01,60.1
2017-12-01,60.1
2018-01-01,60.2
2018-02-01,60.4
2018-03-01,60.4
2018-04-01,60.4
2018-05-01,60.5
2018-06-01,60.5
2018-07-01,60.6
2018-08-01,60.3
2018-09-01,60.4
2018-10-01,60.5
2018-11-01,60.5
2018-12-01,60.5
2019-01-01,60.7
2019-02-01,60.7
2019-03-01,60.7
2019-04-01,60.6
2019-05-01,60.6
2019-06-01,60.7
2019-07-01,60.8
2019-08-01,60.8
2019-09-01,60.9
2019-10-01,60.9
2019-11-01,61.0
2019-12-01,61.0
2020-01-01,61.1
2020-02-01,61.1
2020-03-01,59.9
2020-04-01,51.3
2020-05-01,52.8
2020-06-01,54.6
2020-07-01,55.2
2020-08-01,56.5
2020-09-01,56.6
2020-10-01,57.4
2020-11-01,57.4
2020-12-01,57.4
2021-01-01,57.5
2021-02-01,57.6
2021-03-01,57.8
2021-04-01,57.9
2021-05-01,58.0
2021-06-01,58.0
2021-07-01,58.4
2021-08-01,58.5
2021-09-01,58.7
